Date,Price,Open,High,Low,Vol.,Change %
22-May-20,9194.60,9058.20,9253.50,8952.10,938.86K,1.50%
21-May-20,9059.00,9511.60,9567.10,8833.60,1.41M,-4.76%
20-May-20,9512.30,9773.00,9829.30,9368.40,1.15M,-2.67%
19-May-20,9773.30,9730.80,9883.90,9498.70,1.16M,0.00
18-May-20,9730.70,9678.40,9930.20,9524.40,1.18M,0.55%
17-May-20,9677.70,9376.60,9866.00,9327.80,1.18M,3.18%
16-May-20,9379.50,9318.10,9579.00,9233.00,1.10M,0.66%
15-May-20,9318.00,9778.60,9819.60,9223.20,1.56M,-4.71%
14-May-20,9778.40,9298.70,9887.50,9265.80,1.77M,5.16%
13-May-20,9298.70,8813.90,9384.60,8799.10,1.50M,5.50%
12-May-20,8813.80,8569.80,8964.50,8542.80,1.35M,2.73%
11-May-20,8579.80,8737.60,9129.60,8235.60,2.29M,-1.82%
10-May-20,8738.80,9553.90,9569.40,8259.30,2.47M,-8.54%
9-May-20,9554.60,9806.00,9910.50,9533.60,1.49M,-2.57%
8-May-20,9806.20,9980.10,10018.20,9731.40,1.42M,-1.74%
7-May-20,9979.80,9152.70,10033.00,9064.80,1.91M,9.05%
6-May-20,9151.40,9000.60,9373.70,8923.60,1.62M,1.67%
5-May-20,9001.00,8874.20,9078.70,8800.40,1.05M,1.42%
4-May-20,8874.70,8885.50,8945.50,8553.20,1.12M,-0.12%
3-May-20,8885.50,8966.20,9169.90,8742.20,1.15M,-0.90%
2-May-20,8966.30,8821.60,8986.20,8771.30,890.34K,1.64%
1-May-20,8821.60,8628.60,9040.30,8621.00,1.11M,2.23%
30-Apr-20,8629.00,8770.60,9437.50,8425.50,2.04M,-1.62%
29-Apr-20,8770.90,7746.70,8918.50,7729.70,1.83M,13.22%
28-Apr-20,7746.90,7766.00,7770.10,7655.30,808.09K,-0.25%
27-Apr-20,7766.00,7679.40,7768.50,7637.70,980.50K,1.13%
26-Apr-20,7678.90,7540.40,7679.40,7520.50,921.59K,1.84%
25-Apr-20,7540.40,7503.90,7684.60,7451.00,861.93K,0.49%
24-Apr-20,7503.80,7491.30,7583.50,7423.50,951.95K,0.20%
23-Apr-20,7488.50,7112.80,7655.40,7036.50,1.34M,5.28%
22-Apr-20,7112.90,6842.50,7137.40,6821.80,914.18K,3.95%
21-Apr-20,6842.50,6833.40,6919.30,6774.30,892.57K,0.13%
20-Apr-20,6833.50,7122.90,7207.50,6771.20,1.26M,-4.06%
19-Apr-20,7122.90,7230.90,7238.00,7079.10,5.93M,-1.49%
18-Apr-20,7230.80,7035.90,7259.40,7031.50,796.45K,2.77%
17-Apr-20,7035.80,7085.50,7142.80,7005.80,810.10K,-0.70%
16-Apr-20,7085.60,6629.10,7159.70,6520.50,1.54M,6.89%
15-Apr-20,6629.10,6851.30,6929.50,6615.90,1.00M,-3.24%
14-Apr-20,6850.90,6841.80,6970.80,6768.60,999.53K,0.14%
13-Apr-20,6841.30,6918.10,6920.30,6618.50,1.25M,-1.10%
12-Apr-20,6917.60,6867.90,7158.80,6785.10,1.10M,0.73%
11-Apr-20,6867.80,6862.70,6931.40,6765.10,845.58K,0.07%
10-Apr-20,6863.10,7289.00,7294.40,6756.10,1.37M,-5.84%
9-Apr-20,7289.00,7361.10,7361.10,7140.30,963.55K,-0.98%
8-Apr-20,7361.20,7185.60,7396.10,7153.10,983.94K,2.45%
7-Apr-20,7185.20,7332.30,7440.30,7101.70,1.32M,-2.01%
6-Apr-20,7332.30,6772.80,7335.00,6770.10,1.53M,8.26%
5-Apr-20,6772.70,6857.50,6889.40,6686.00,842.33K,-1.23%
4-Apr-20,6857.40,6735.90,6958.60,6679.10,1.05M,1.80%
3-Apr-20,6735.90,6799.90,7026.30,6623.60,1.35M,-0.95%
2-Apr-20,6800.50,6638.80,7182.70,6567.90,1.74M,2.44%
1-Apr-20,6638.50,6412.40,6661.30,6157.40,1.40M,3.52%
31-Mar-20,6412.50,6391.10,6513.10,6346.30,1.05M,0.34%
30-Mar-20,6391.00,5890.40,6576.50,5872.50,1.43M,8.50%
29-Mar-20,5890.40,6233.20,6258.80,5889.30,916.17K,-5.51%
28-Mar-20,6233.70,6373.40,6374.30,6046.50,1.26M,-2.19%
27-Mar-20,6373.40,6725.50,6813.70,6322.30,1.16M,-5.23%
26-Mar-20,6725.10,6677.90,6772.90,6541.70,1.18M,0.69%
25-Mar-20,6678.90,6744.80,6930.20,6474.60,1.52M,-0.97%
24-Mar-20,6744.60,6468.80,6814.20,6380.80,1.73M,4.26%
23-Mar-20,6468.90,5822.00,6564.70,5710.80,1.88M,11.11%
22-Mar-20,5822.10,6186.90,6394.40,5771.20,1.48M,-5.89%
21-Mar-20,6186.20,6205.60,6438.30,5887.00,1.64M,-0.31%
20-Mar-20,6205.30,6171.60,6858.10,5748.20,2.22M,0.54%
19-Mar-20,6172.00,5359.20,6379.50,5256.00,2.18M,15.12%
18-Mar-20,5361.40,5260.70,5373.10,5020.90,1.80M,1.91%
17-Mar-20,5261.10,5030.20,5432.80,4946.50,1.89M,4.59%
16-Mar-20,5030.00,5366.40,5369.30,4477.70,2.55M,-6.27%
15-Mar-20,5366.30,5182.90,5863.30,5120.60,1.61M,3.54%
14-Mar-20,5182.70,5589.40,5634.90,5072.20,1.69M,-7.19%
13-Mar-20,5584.30,4815.20,5934.30,3869.50,4.17M,15.71%
12-Mar-20,4826.00,7935.20,7963.10,4546.60,3.22M,-39.18%
11-Mar-20,7935.10,7892.10,7976.50,7606.00,1.10M,0.56%
10-Mar-20,7891.20,7933.00,8145.50,7740.20,1.20M,-0.53%
9-Mar-20,7933.00,8035.80,8158.80,7648.70,1.54M,-1.26%
8-Mar-20,8034.10,8887.80,8888.00,8015.30,1.11M,-9.61%
7-Mar-20,8887.80,9134.20,9180.80,8848.70,750.65K,-2.70%
6-Mar-20,9134.80,9060.60,9165.20,9004.90,1.04M,0.82%
5-Mar-20,9060.30,8757.90,9147.30,8751.50,950.76K,3.45%
4-Mar-20,8757.90,8761.30,8840.30,8679.70,759.69K,-0.04%
3-Mar-20,8761.40,8906.10,8911.70,8669.30,1.01M,-1.61%
2-Mar-20,8904.80,8537.50,8961.80,8503.10,1.02M,4.27%
1-Mar-20,8540.00,8543.80,8737.20,8437.20,784.05K,-0.04%
29-Feb-20,8543.70,8697.10,8793.70,8539.80,683.44K,-1.77%
28-Feb-20,8697.50,8820.10,8898.70,8451.90,1.08M,-1.37%
27-Feb-20,8818.60,8800.10,8968.30,8538.50,1.13M,0.21%
26-Feb-20,8800.30,9317.10,9368.10,8672.00,1.32M,-5.55%
25-Feb-20,9317.20,9662.60,9672.30,9269.80,937.97K,-3.57%
24-Feb-20,9662.70,9943.20,9981.00,9507.00,980.00K,-2.82%
23-Feb-20,9942.70,9655.60,9965.60,9653.40,775.88K,2.97%
22-Feb-20,9655.70,9684.50,9706.50,9569.80,589.88K,-0.30%
21-Feb-20,9684.50,9602.20,9747.10,9574.50,716.61K,0.85%
20-Feb-20,9602.40,9611.90,9681.40,9448.90,870.80K,-0.07%
19-Feb-20,9609.40,10158.60,10230.90,9424.30,905.95K,-5.40%
18-Feb-20,10158.40,9701.50,10230.10,9601.60,945.91K,4.71%
17-Feb-20,9701.40,9931.70,9951.50,9468.90,961.88K,-2.32%
16-Feb-20,9932.30,9907.40,10056.40,9654.90,808.91K,0.25%
15-Feb-20,9907.70,10336.00,10369.80,9831.70,808.81K,-4.12%
14-Feb-20,10333.00,10235.50,10372.40,10125.20,732.51K,0.96%
13-Feb-20,10235.10,10321.90,10482.60,10116.90,940.30K,-0.80%
12-Feb-20,10317.70,10229.30,10435.60,10229.30,803.25K,0.86%
11-Feb-20,10229.50,9854.00,10314.10,9725.10,791.28K,3.81%
10-Feb-20,9854.10,10151.50,10181.70,9774.80,781.22K,-2.93%
9-Feb-20,10151.50,9895.40,10157.10,9882.70,617.35K,2.59%
8-Feb-20,9895.50,9817.30,9931.20,9673.20,551.31K,0.78%
7-Feb-20,9818.60,9771.90,9872.50,9738.70,608.96K,0.48%
6-Feb-20,9772.00,9611.80,9854.90,9536.10,778.67K,1.67%
5-Feb-20,9611.80,9194.10,9726.80,9179.90,771.46K,4.54%
4-Feb-20,9193.90,9296.50,9347.50,9193.90,651.68K,-1.10%
3-Feb-20,9296.60,9334.60,9582.80,9243.10,701.39K,-0.41%
2-Feb-20,9334.90,9381.50,9465.40,9183.10,683.37K,-0.50%
1-Feb-20,9381.60,9349.30,9458.80,9301.50,458.42K,0.35%
31-Jan-20,9349.10,9508.30,9525.00,9222.30,633.37K,-1.66%
30-Jan-20,9507.30,9299.10,9569.00,9209.20,765.21K,2.24%
29-Jan-20,9298.90,9377.30,9428.70,9250.90,749.88K,-0.84%
28-Jan-20,9377.30,8866.60,9389.50,8866.60,954.20K,5.76%
27-Jan-20,8866.60,8608.10,8983.10,8585.60,706.45K,3.01%
26-Jan-20,8607.80,8341.60,8607.80,8304.90,468.34K,3.19%
25-Jan-20,8341.60,8439.90,8447.60,8277.20,444.00K,-1.17%
24-Jan-20,8439.90,8404.90,8522.00,8242.60,617.02K,0.41%
23-Jan-20,8405.10,8678.50,8687.30,8309.60,722.67K,-3.15%
22-Jan-20,8678.50,8733.00,8805.40,8610.80,509.06K,-0.62%
21-Jan-20,8732.60,8642.00,8770.30,8524.00,540.20K,1.05%
20-Jan-20,8641.90,8705.70,8740.10,8539.20,599.06K,-0.74%
19-Jan-20,8706.20,8916.30,9183.70,8552.80,975.01K,-2.36%
18-Jan-20,8916.30,8913.00,8982.30,8814.60,627.74K,0.04%
17-Jan-20,8913.10,8726.70,9005.10,8675.90,794.11K,2.13%
16-Jan-20,8726.90,8818.10,8850.00,8605.80,748.32K,-1.04%
15-Jan-20,8818.30,8827.90,8904.00,8615.50,1.17M,-0.12%
14-Jan-20,8829.20,8111.20,8898.70,8111.20,1.48M,8.85%
13-Jan-20,8111.40,8188.30,8196.70,8068.40,610.66K,-0.93%
12-Jan-20,8187.60,8023.30,8189.90,7973.10,595.22K,2.04%
11-Jan-20,8024.10,8187.80,8262.90,8008.40,776.75K,-1.99%
10-Jan-20,8187.10,7842.50,8187.40,7697.70,1.05M,4.40%
9-Jan-20,7842.40,8060.00,8065.90,7779.20,786.50K,-2.70%
8-Jan-20,8059.60,8154.20,8436.40,7900.80,1.19M,-1.18%
7-Jan-20,8155.70,7759.10,8182.00,7754.10,1.01M,5.11%
6-Jan-20,7759.10,7372.60,7783.10,7366.70,786.75K,5.24%
5-Jan-20,7372.50,7376.80,7501.00,7345.60,628.14K,-0.06%
4-Jan-20,7376.80,7345.10,7433.10,7291.40,523.91K,0.46%
3-Jan-20,7343.10,6967.10,7402.90,6884.10,936.29K,5.40%
2-Jan-20,6967.00,7199.70,7209.60,6901.40,632.78K,-3.23%
1-Jan-20,7199.80,7196.40,7259.40,7180.00,420.28K,0.05%
31-Dec-19,7196.40,7261.50,7331.00,7167.40,586.60K,-0.90%
30-Dec-19,7261.80,7397.50,7420.90,7244.10,606.11K,-1.84%
29-Dec-19,7397.50,7321.60,7518.90,7303.00,611.69K,1.04%
28-Dec-19,7321.50,7261.90,7375.90,7256.50,610.96K,0.82%
27-Dec-19,7261.70,7210.80,7293.80,7128.50,718.07K,0.70%
26-Dec-19,7210.90,7225.00,7414.30,7177.30,795.09K,-0.19%
25-Dec-19,7224.80,7268.30,7542.40,7150.90,625.41K,-0.60%
24-Dec-19,7268.30,7322.40,7433.20,7185.70,785.54K,-0.74%
23-Dec-19,7322.80,7496.20,7684.00,7276.20,952.16K,-2.31%
22-Dec-19,7495.80,7156.30,7501.10,7142.00,677.94K,4.74%
21-Dec-19,7156.20,7196.40,7197.60,7129.60,468.74K,-0.56%
20-Dec-19,7196.40,7165.50,7218.40,7107.70,627.04K,0.43%
19-Dec-19,7165.50,7276.40,7354.00,7039.30,778.72K,-1.52%
18-Dec-19,7276.00,6613.50,7387.70,6462.20,1.14M,10.02%
17-Dec-19,6613.30,6903.50,6943.50,6575.00,894.55K,-4.20%
16-Dec-19,6903.50,7128.50,7153.10,6864.60,689.56K,-3.16%
15-Dec-19,7128.50,7080.80,7175.80,7033.80,492.58K,0.67%
14-Dec-19,7080.80,7255.20,7267.40,7043.30,524.56K,-2.40%
13-Dec-19,7255.20,7208.40,7288.00,7200.30,503.49K,0.65%
12-Dec-19,7208.00,7208.00,7272.40,7124.60,611.80K,0.00%
11-Dec-19,7208.00,7235.80,7284.40,7168.80,518.40K,-0.38%
10-Dec-19,7235.70,7356.20,7400.30,7192.10,609.50K,-1.63%
9-Dec-19,7355.80,7524.80,7626.00,7321.60,648.66K,-2.24%
8-Dec-19,7524.40,7510.80,7576.40,7416.70,499.04K,0.18%
7-Dec-19,7510.90,7530.40,7595.70,7489.60,557.14K,-0.26%
6-Dec-19,7530.80,7399.20,7552.10,7329.80,706.10K,1.78%
5-Dec-19,7399.20,7204.60,7476.30,7184.00,780.78K,2.70%
4-Dec-19,7204.40,7291.90,7702.20,7113.60,971.75K,-1.20%
3-Dec-19,7291.80,7298.10,7389.40,7227.10,548.77K,-0.09%
2-Dec-19,7298.20,7395.90,7433.80,7173.60,687.78K,-1.33%
1-Dec-19,7396.40,7546.50,7546.50,7244.40,777.00K,-1.99%
30-Nov-19,7546.60,7742.70,7787.70,7472.70,650.60K,-2.53%
29-Nov-19,7742.70,7426.60,7825.30,7412.30,766.71K,4.26%
28-Nov-19,7426.70,7510.60,7639.50,7380.60,737.58K,-1.12%
27-Nov-19,7510.60,7162.80,7636.90,6875.40,996.49K,4.86%
26-Nov-19,7162.80,7115.50,7329.50,7045.10,844.27K,0.66%
25-Nov-19,7115.60,6924.70,7352.80,6534.80,1.29M,2.76%
24-Nov-19,6924.70,7325.00,7344.10,6894.90,904.50K,-5.45%
23-Nov-19,7324.10,7271.60,7342.50,7093.70,783.18K,0.71%
22-Nov-19,7272.50,7627.90,7700.90,6818.50,1.41M,-4.66%
21-Nov-19,7627.90,8099.40,8129.60,7519.70,891.50K,-5.82%
20-Nov-19,8099.30,8145.70,8223.00,8074.20,607.27K,-0.57%
19-Nov-19,8145.70,8207.70,8245.60,8032.80,654.27K,-0.76%
18-Nov-19,8208.40,8510.30,8516.30,8110.40,692.60K,-3.54%
17-Nov-19,8509.80,8497.40,8631.70,8413.00,531.22K,0.15%
16-Nov-19,8497.30,8476.20,8532.80,8450.70,471.16K,0.25%
15-Nov-19,8476.30,8660.80,8761.80,8437.10,653.71K,-2.13%
14-Nov-19,8661.20,8782.90,8799.80,8615.80,515.43K,-1.39%
13-Nov-19,8783.10,8813.20,8829.70,8721.10,454.33K,-0.33%
12-Nov-19,8812.60,8737.40,8841.20,8615.70,575.16K,0.87%
11-Nov-19,8736.90,9036.90,9066.40,8649.40,601.16K,-3.32%
10-Nov-19,9036.80,8804.70,9092.90,8763.50,581.57K,2.64%
9-Nov-19,8804.50,8778.10,8877.50,8746.90,512.02K,0.30%
8-Nov-19,8778.20,9223.60,9254.80,8722.40,791.79K,-4.83%
7-Nov-19,9223.50,9339.20,9367.00,9130.00,603.54K,-1.24%
6-Nov-19,9338.90,9311.20,9424.60,9262.70,578.03K,0.30%
5-Nov-19,9310.80,9396.10,9452.70,9193.90,653.42K,-0.91%
4-Nov-19,9396.40,9198.70,9500.40,9134.10,681.01K,2.15%
3-Nov-19,9198.30,9300.50,9359.10,9095.00,536.56K,-1.10%
2-Nov-19,9300.60,9230.30,9356.70,9201.20,570.74K,0.76%
1-Nov-19,9230.10,9153.10,9270.40,9057.20,689.65K,0.85%
31-Oct-19,9152.60,9157.90,9378.90,8959.60,798.93K,-0.06%
30-Oct-19,9157.90,9411.30,9411.30,9018.40,789.73K,-2.69%
29-Oct-19,9411.30,9206.50,9531.30,9125.30,918.48K,2.22%
28-Oct-19,9207.20,9530.10,9866.90,9202.50,1.04M,-3.38%
27-Oct-19,9529.60,9230.60,9773.20,9081.00,1.16M,3.24%
26-Oct-19,9230.60,8658.40,10540.00,8061.80,1.78M,6.61%
25-Oct-19,8658.30,7422.80,8697.70,7404.90,1.18M,16.65%
24-Oct-19,7422.70,7476.80,7501.50,7366.30,586.49K,-0.73%
23-Oct-19,7477.00,8031.00,8055.00,7329.20,892.08K,-6.90%
22-Oct-19,8031.40,8207.40,8289.10,8017.70,570.39K,-2.15%
21-Oct-19,8208.20,8224.10,8315.30,8155.70,489.40K,-0.18%
20-Oct-19,8223.40,7957.40,8288.50,7889.60,513.91K,3.34%
19-Oct-19,7957.30,7948.30,8060.20,7892.40,428.83K,0.11%
18-Oct-19,7948.50,8073.30,8116.40,7842.00,505.79K,-1.55%
17-Oct-19,8073.30,8000.40,8118.20,7944.40,444.95K,0.91%
16-Oct-19,8000.40,8167.10,8185.90,7929.80,538.92K,-2.04%
15-Oct-19,8167.20,8353.40,8400.20,8139.50,469.73K,-2.23%
14-Oct-19,8353.30,8281.30,8374.30,8222.20,505.02K,0.87%
13-Oct-19,8281.50,8304.30,8450.20,8190.60,419.87K,-0.28%
12-Oct-19,8304.40,8267.60,8394.80,8260.90,424.02K,0.44%
11-Oct-19,8267.80,8562.20,8751.10,8249.70,667.86K,-3.44%
10-Oct-19,8562.30,8566.80,8638.50,8438.70,511.46K,-0.05%
9-Oct-19,8566.70,8180.10,8655.90,8122.70,636.43K,4.69%
8-Oct-19,8182.90,8198.50,8323.10,8118.10,469.04K,-0.19%
7-Oct-19,8198.60,7882.60,8293.50,7797.00,604.74K,4.02%
6-Oct-19,7881.90,8127.30,8145.50,7834.90,448.80K,-3.02%
5-Oct-19,8127.30,8148.00,8185.10,8030.60,360.92K,-0.25%
4-Oct-19,8148.10,8227.60,8233.60,8041.40,416.92K,-0.96%
3-Oct-19,8226.90,8363.60,8391.70,8090.10,460.97K,-1.64%
2-Oct-19,8364.10,8302.70,8374.00,8167.70,405.86K,0.74%
1-Oct-19,8302.70,8285.00,8486.20,8187.90,533.95K,0.22%
30-Sep-19,8284.30,8048.90,8318.50,7749.00,600.26K,2.92%
29-Sep-19,8049.10,8208.00,8226.80,7922.10,418.48K,-1.94%
28-Sep-19,8208.50,8184.50,8297.20,8031.10,457.79K,0.29%
27-Sep-19,8184.90,8063.80,8257.40,7882.10,561.40K,1.50%
26-Sep-19,8063.80,8432.50,8463.10,7773.60,731.03K,-4.37%
25-Sep-19,8432.40,8512.30,8729.80,8245.10,696.11K,-0.96%
24-Sep-19,8513.90,9702.70,9793.80,8069.40,933.16K,-12.25%
23-Sep-19,9702.20,10031.30,10048.80,9656.30,431.10K,-3.28%
22-Sep-19,10031.60,9993.00,10075.00,9870.90,337.06K,0.39%
21-Sep-19,9993.00,10172.80,10177.90,9939.80,326.17K,-1.77%
20-Sep-19,10172.70,10251.50,10279.50,10088.60,362.07K,-0.76%
19-Sep-19,10250.50,10164.60,10297.60,9707.60,542.25K,0.84%
18-Sep-19,10164.70,10195.70,10257.50,10119.30,318.82K,-0.30%
17-Sep-19,10195.70,10254.60,10273.60,10153.50,321.64K,-0.58%
16-Sep-19,10255.50,10311.30,10360.50,10108.50,372.53K,-0.54%
15-Sep-19,10311.50,10337.30,10360.40,10272.00,255.79K,-0.25%
14-Sep-19,10337.30,10342.20,10421.40,10253.70,326.44K,-0.05%
13-Sep-19,10342.10,10415.20,10441.40,10174.10,365.52K,-0.70%
12-Sep-19,10415.10,10162.40,10447.90,10051.00,413.22K,2.49%
11-Sep-19,10162.50,10104.90,10257.50,9908.90,413.06K,0.57%
10-Sep-19,10105.40,10308.70,10379.80,9970.70,383.22K,-1.98%
9-Sep-19,10309.00,10402.10,10478.00,10095.70,473.76K,-0.90%
8-Sep-19,10402.80,10461.60,10578.00,10266.30,339.73K,-0.56%
7-Sep-19,10461.10,10306.90,10556.40,10302.30,393.57K,1.47%
6-Sep-19,10309.30,10566.70,10896.20,10227.40,643.02K,-2.44%
5-Sep-19,10566.90,10567.80,10630.70,10469.90,402.09K,-0.01%
4-Sep-19,10568.20,10611.60,10783.60,10388.60,504.45K,-0.42%
3-Sep-19,10612.30,10348.10,10756.80,10283.50,578.79K,2.55%
2-Sep-19,10348.80,9728.80,10431.50,9720.30,542.79K,6.37%
1-Sep-19,9729.30,9594.70,9799.50,9533.60,322.66K,1.41%
31-Aug-19,9594.40,9585.50,9677.50,9457.30,311.49K,0.09%
30-Aug-19,9585.40,9494.10,9675.70,9370.20,413.92K,0.99%
29-Aug-19,9491.00,9729.10,9729.10,9343.00,509.13K,-2.45%
28-Aug-19,9729.40,10184.70,10271.30,9629.60,580.29K,-4.47%
27-Aug-19,10184.80,10372.20,10387.60,10060.20,419.81K,-1.80%
26-Aug-19,10371.80,10136.00,10568.20,10136.00,568.77K,2.32%
25-Aug-19,10136.30,10132.10,10307.00,9935.20,422.53K,0.05%
24-Aug-19,10131.00,10389.40,10415.90,9917.50,463.85K,-2.48%
23-Aug-19,10388.70,10104.90,10434.30,9921.40,436.26K,2.81%
22-Aug-19,10105.00,10141.10,10218.20,9777.00,520.75K,-0.36%
21-Aug-19,10141.50,10753.30,10797.80,9908.00,717.65K,-5.68%
20-Aug-19,10752.60,10911.20,10941.60,10581.00,515.47K,-1.45%
19-Aug-19,10910.70,10312.80,10923.90,10267.80,519.01K,5.80%
18-Aug-19,10312.70,10219.30,10494.90,10086.70,441.11K,0.93%
17-Aug-19,10218.10,10335.50,10460.70,10016.30,497.77K,-1.14%
16-Aug-19,10335.60,10300.90,10734.00,9788.60,798.67K,0.31%
15-Aug-19,10303.40,10053.30,10448.20,9580.10,930.05K,2.53%
14-Aug-19,10049.40,10894.20,10894.50,9965.50,745.59K,-7.74%
13-Aug-19,10892.90,11395.00,11445.60,10793.20,540.78K,-4.40%
12-Aug-19,11394.20,11505.10,11508.60,11267.30,391.08K,-1.07%
11-Aug-19,11517.20,11314.60,11728.40,11146.10,435.83K,1.79%
10-Aug-19,11314.50,12090.50,12185.00,11281.60,570.74K,-6.41%
9-Aug-19,12089.80,12190.00,12225.30,11885.00,558.72K,-0.84%
8-Aug-19,12191.60,12015.90,12236.60,11727.00,592.15K,1.48%
7-Aug-19,12013.90,11481.00,12114.50,11406.40,702.85K,4.64%
6-Aug-19,11480.90,11817.60,12291.90,11237.00,807.58K,-2.84%
5-Aug-19,11816.80,10934.80,11922.30,10934.80,769.63K,8.07%
4-Aug-19,10934.60,10816.10,11017.70,10568.80,585.71K,1.10%
3-Aug-19,10815.70,10519.90,10893.60,10504.50,508.75K,2.81%
2-Aug-19,10520.10,10380.50,10664.80,10330.50,578.29K,1.35%
1-Aug-19,10380.00,10081.90,10459.00,9890.60,608.37K,2.96%
31-Jul-19,10082.00,9580.30,10100.00,9562.40,589.84K,5.23%
30-Jul-19,9580.70,9580.00,9703.00,9483.00,511.51K,0.00%
29-Jul-19,9580.90,9728.50,9835.40,9502.50,510.90K,-1.51%
28-Jul-19,9727.80,9491.10,9798.50,9401.10,518.59K,2.48%
27-Jul-19,9492.10,9830.40,10232.30,9389.10,661.89K,-3.45%
26-Jul-19,9831.00,9945.20,10436.10,9724.20,493.75K,-1.15%
25-Jul-19,9945.30,9804.70,10203.50,9776.60,545.85K,1.44%
24-Jul-19,9804.30,9887.20,9945.30,9584.00,639.54K,-0.85%
23-Jul-19,9888.70,10412.80,10414.70,9865.40,663.38K,-5.03%
22-Jul-19,10412.50,10715.10,10806.30,10196.50,591.27K,-2.82%
21-Jul-19,10714.40,10827.00,10883.80,10442.50,562.17K,-1.04%
20-Jul-19,10826.70,10571.90,11155.60,10462.00,668.94K,2.41%
19-Jul-19,10571.50,10651.60,10758.40,10160.70,727.79K,-0.75%
18-Jul-19,10651.40,9723.10,10787.10,9390.00,974.49K,9.55%
17-Jul-19,9723.20,9425.10,9983.60,9082.60,1.03M,3.17%
16-Jul-19,9424.80,10844.00,11019.50,9375.30,1.05M,-13.10%
15-Jul-19,10845.90,10199.90,11064.70,9885.40,956.52K,6.33%
14-Jul-19,10200.10,11364.30,11448.70,10128.90,840.76K,-10.25%
13-Jul-19,11364.90,11762.80,11798.40,10839.40,747.71K,-3.38%
12-Jul-19,11762.10,11343.70,11881.40,11109.80,738.17K,3.70%
11-Jul-19,11342.30,12111.60,12111.60,11029.00,943.13K,-6.34%
10-Jul-19,12110.60,12542.80,13134.40,11594.90,1.11M,-3.44%
9-Jul-19,12541.50,12250.60,12772.90,12111.20,847.84K,2.36%
8-Jul-19,12252.60,11415.80,12332.30,11304.80,695.60K,7.33%
7-Jul-19,11415.90,11267.90,11524.60,11108.10,601.93K,1.31%
6-Jul-19,11268.00,10969.80,11650.20,10967.90,688.96K,2.71%
5-Jul-19,10970.20,11159.70,11381.80,10810.30,772.67K,-1.73%
4-Jul-19,11163.10,11899.30,11948.00,11087.10,840.34K,-6.20%
3-Jul-19,11900.80,10835.90,11931.80,10835.90,998.73K,9.83%
2-Jul-19,10835.90,10615.50,10923.50,9728.50,1.12M,2.07%
1-Jul-19,10616.60,10821.40,11254.50,10041.60,1.04M,-1.87%
30-Jun-19,10818.60,11906.00,12179.30,10765.40,880.77K,-9.14%
29-Jun-19,11906.50,12408.00,12422.90,11490.80,834.62K,-4.05%
28-Jun-19,12409.10,11288.40,12461.80,10970.50,1.09M,9.93%
27-Jun-19,11287.80,13062.40,13422.00,10493.50,1.59M,-13.59%
26-Jun-19,13063.80,11811.60,13929.80,11747.30,1.48M,10.62%
25-Jun-19,11809.90,11046.60,11833.90,11033.70,781.09K,6.91%
24-Jun-19,11046.40,10897.30,11114.40,10622.60,566.96K,1.37%
23-Jun-19,10897.10,10721.50,11361.30,10557.80,683.79K,1.64%
22-Jun-19,10721.70,10178.10,11160.50,10031.30,1.09M,5.33%
21-Jun-19,10179.30,9517.70,10184.30,9517.40,769.12K,6.96%
20-Jun-19,9517.00,9255.00,9583.90,9188.40,693.62K,2.83%
19-Jun-19,9255.40,9080.70,9295.10,9044.00,587.57K,1.93%
18-Jun-19,9080.60,9318.90,9336.10,8962.70,723.17K,-2.56%
17-Jun-19,9318.80,8961.00,9438.10,8959.80,738.80K,3.98%
16-Jun-19,8962.50,8812.20,9332.00,8771.10,849.77K,1.70%
15-Jun-19,8812.50,8655.80,8856.70,8582.30,608.69K,1.81%
14-Jun-19,8656.10,8218.60,8685.30,8153.20,643.17K,5.32%
13-Jun-19,8219.00,8132.40,8306.10,8028.60,574.21K,1.06%
12-Jun-19,8133.10,7888.00,8198.10,7805.80,607.89K,3.11%
11-Jun-19,7888.00,7987.80,8010.40,7714.50,579.00K,-1.25%
10-Jun-19,7987.80,7635.00,8012.80,7523.60,641.38K,4.62%
9-Jun-19,7635.00,7901.60,7937.50,7516.90,554.48K,-3.37%
8-Jun-19,7901.40,7985.30,8044.40,7770.50,485.81K,-1.05%
7-Jun-19,7985.20,7785.80,8099.40,7749.40,588.87K,2.57%
6-Jun-19,7784.90,7779.60,7861.40,7480.40,651.82K,0.08%
5-Jun-19,7779.10,7685.60,7885.00,7590.40,762.94K,1.22%
4-Jun-19,7685.50,8118.10,8118.10,7494.00,966.95K,-5.41%
3-Jun-19,8124.80,8728.60,8734.90,8102.70,739.45K,-6.92%
2-Jun-19,8728.60,8545.80,8807.70,8534.80,614.54K,2.14%
1-Jun-19,8545.70,8556.90,8615.80,8454.00,686.75K,-0.15%
31-May-19,8558.30,8271.40,8578.80,8135.00,858.41K,3.46%
30-May-19,8271.90,8647.80,9045.90,8054.70,1.04M,-4.35%
29-May-19,8647.80,8715.60,8747.20,8435.30,15.43M,-0.79%
28-May-19,8716.30,8759.40,8794.10,8568.80,763.20K,-0.50%
27-May-19,8760.10,8628.90,8902.80,8607.30,907.96K,1.51%
26-May-19,8630.20,8029.60,8718.60,7866.50,872.12K,7.51%
25-May-19,8027.40,7971.40,8090.10,7919.10,691.27K,0.72%
24-May-19,7970.10,7852.80,8124.10,7775.40,868.47K,1.50%
23-May-19,7852.10,7637.20,7939.10,7486.80,815.14K,2.83%
22-May-19,7635.70,7928.70,7999.00,7545.90,821.40K,-3.72%
21-May-19,7930.30,7965.00,8056.80,7813.20,804.88K,-0.44%
20-May-19,7965.30,8156.40,8156.40,7604.00,958.81K,-2.35%
19-May-19,8157.20,7261.90,8253.40,7252.30,1.08M,12.32%
18-May-19,7262.60,7359.90,7458.50,7189.40,865.53K,-1.32%
17-May-19,7359.50,7871.90,7924.00,6998.60,1.43M,-6.51%
16-May-19,7871.80,8164.80,8293.30,7720.40,1.18M,-3.59%
15-May-19,8164.60,7994.80,8225.30,7856.50,1.13M,2.13%
14-May-19,7994.60,7806.40,8323.90,7674.00,1.33M,2.42%
13-May-19,7806.00,6984.70,8058.30,6893.10,1.20M,11.76%
12-May-19,6984.80,7190.00,7518.90,6802.60,1.35M,-2.86%
11-May-19,7190.30,6386.60,7373.80,6386.50,1.31M,12.59%
10-May-19,6386.00,6194.30,6466.60,6157.80,907.94K,3.14%
9-May-19,6191.50,5990.50,6206.00,5990.00,799.96K,3.36%
8-May-19,5990.30,5849.40,6011.30,5799.10,757.13K,2.41%
7-May-19,5849.50,5745.50,6019.80,5745.50,955.88K,1.82%
6-May-19,5745.10,5775.10,5801.40,5630.50,755.39K,-0.52%
5-May-19,5774.90,5830.80,5838.20,5708.20,709.02K,-0.96%
4-May-19,5830.90,5768.00,5899.20,5605.00,920.61K,1.11%
3-May-19,5766.80,5493.60,5844.20,5478.70,1.04M,4.97%
2-May-19,5493.80,5384.60,5530.80,5370.00,722.23K,2.04%
1-May-19,5384.20,5321.10,5396.30,5319.50,623.64K,1.19%
30-Apr-19,5320.80,5235.40,5336.60,5195.90,697.42K,1.64%
29-Apr-19,5235.00,5302.40,5322.90,5188.90,775.82K,-1.27%
28-Apr-19,5302.30,5265.70,5332.50,5234.40,681.41K,0.69%
27-Apr-19,5265.90,5298.20,5318.10,5225.40,833.13K,-0.61%
26-Apr-19,5298.30,5209.20,5469.30,5159.30,1.03M,1.71%
25-Apr-19,5209.10,5415.60,5528.20,5137.40,955.36K,-3.81%
24-Apr-19,5415.60,5511.20,5589.60,5346.80,994.04K,-1.74%
23-Apr-19,5511.60,5346.50,5594.40,5291.40,900.00K,3.08%
22-Apr-19,5346.70,5248.20,5370.20,5170.20,920.77K,1.97%
21-Apr-19,5243.50,5290.20,5308.20,5189.80,811.41K,-0.88%
20-Apr-19,5290.20,5241.00,5327.00,5240.20,782.32K,0.94%
19-Apr-19,5241.00,5264.80,5282.40,5192.10,787.09K,-0.45%
18-Apr-19,5264.70,5208.30,5293.10,5205.00,727.97K,1.08%
17-Apr-19,5208.30,5182.10,5230.90,5165.50,806.52K,0.53%
16-Apr-19,5180.90,5031.40,5198.40,5014.40,631.05K,2.95%
15-Apr-19,5032.30,5135.10,5168.00,4964.20,688.20K,-2.00%
14-Apr-19,5134.80,5052.00,5153.50,5010.70,566.38K,1.64%
13-Apr-19,5051.80,5054.20,5093.40,5011.60,577.16K,-0.05%
12-Apr-19,5054.20,5022.70,5080.50,4889.20,779.14K,0.63%
11-Apr-19,5022.60,5307.70,5337.00,4948.00,943.49K,-5.37%
10-Apr-19,5307.80,5158.40,5404.10,5142.90,837.51K,2.89%
9-Apr-19,5158.40,5245.00,5245.90,5095.20,784.62K,-1.65%
8-Apr-19,5245.20,5173.50,5300.60,5060.50,928.23K,1.38%
7-Apr-19,5173.60,5046.10,5219.50,5033.70,841.27K,2.53%
6-Apr-19,5046.20,5010.00,5198.40,4947.90,952.18K,0.72%
5-Apr-19,5010.20,4902.50,5029.40,4888.30,851.72K,2.20%
4-Apr-19,4902.40,4968.70,5042.50,4789.20,1.05M,-1.33%
3-Apr-19,4968.70,4859.30,5278.40,4814.00,13.83M,2.25%
2-Apr-19,4859.30,4145.10,4899.60,4143.50,14.77M,17.23%
1-Apr-19,4145.10,4102.30,4159.10,4076.80,3.22M,1.04%
31-Mar-19,4102.30,4111.80,4121.90,4082.20,2.43M,-0.23%
30-Mar-19,4111.80,4103.70,4138.10,4057.10,2.55M,0.23%
29-Mar-19,4102.20,4025.70,4123.10,4022.60,3.30M,1.90%
28-Mar-19,4025.60,4041.70,4041.70,4008.40,2.11M,-0.40%
27-Mar-19,4041.70,3942.80,4043.30,3936.20,2.78M,2.51%
26-Mar-19,3942.80,3937.10,3950.70,3899.90,2.53M,0.15%
25-Mar-19,3937.00,3994.80,4000.50,3897.90,2.86M,-1.44%
24-Mar-19,3994.70,4002.60,4005.70,3967.00,2.04M,-0.20%
23-Mar-19,4002.50,3990.40,4018.20,3980.80,2.00M,0.30%
22-Mar-19,3990.40,3982.20,4005.70,3971.80,2.83M,0.21%
21-Mar-19,3982.20,4041.20,4064.00,3923.80,3.88M,-1.46%
20-Mar-19,4041.20,4017.00,4050.00,3985.30,3.18M,0.60%
19-Mar-19,4017.00,3990.20,4029.90,3972.40,2.99M,0.67%
18-Mar-19,3990.20,3981.50,4032.30,3958.50,2.62M,0.22%
17-Mar-19,3981.50,4006.40,4009.80,3956.30,1.87M,-0.62%
16-Mar-19,4006.40,3924.40,4050.60,3923.70,3.46M,2.09%
15-Mar-19,3924.30,3879.00,3935.70,3874.80,3.11M,1.17%
14-Mar-19,3879.00,3865.10,3914.70,3828.40,2.86M,0.36%
13-Mar-19,3865.10,3885.90,3894.70,3847.40,2.28M,-0.54%
12-Mar-19,3886.00,3870.30,3900.10,3817.10,2.90M,0.41%
11-Mar-19,3870.30,3915.20,3935.50,3842.40,3.19M,-1.15%
10-Mar-19,3915.20,3944.40,3944.50,3889.20,1.89M,-0.74%
9-Mar-19,3944.30,3865.60,3964.00,3859.70,2.48M,2.03%
8-Mar-19,3865.90,3875.10,3929.00,3810.70,2.96M,-0.24%
7-Mar-19,3875.10,3863.10,3907.40,3847.90,2.60M,0.32%
6-Mar-19,3863.00,3857.20,3887.30,3816.70,2.52M,0.15%
5-Mar-19,3857.20,3715.90,3873.20,3705.70,3.82M,3.80%
4-Mar-19,3715.90,3809.70,3828.40,3681.80,2.85M,-2.45%
3-Mar-19,3809.50,3823.20,3836.60,3789.70,1.51M,-0.36%
2-Mar-19,3823.10,3821.90,3843.20,3783.60,1.61M,0.03%
1-Mar-19,3821.90,3816.70,3855.80,3816.40,1.74M,0.14%
28-Feb-19,3816.60,3814.60,3883.70,3783.30,2.31M,0.05%
27-Feb-19,3814.60,3810.30,3836.40,3701.90,2.82M,0.11%
26-Feb-19,3810.30,3833.50,3845.50,3775.00,2.09M,-0.61%
25-Feb-19,3833.70,3755.70,3870.70,3753.80,765.87K,2.09%
24-Feb-19,3755.20,4120.50,4194.20,3738.70,977.78K,-8.86%
23-Feb-19,4120.40,3965.20,4152.60,3939.40,727.85K,3.91%
22-Feb-19,3965.20,3937.40,3983.10,3931.70,649.55K,0.73%
21-Feb-19,3936.60,3972.00,4011.50,3909.20,668.16K,-0.90%
20-Feb-19,3972.40,3914.30,3983.60,3881.20,698.01K,1.48%
19-Feb-19,3914.30,3896.40,3993.80,3863.70,1.44M,0.47%
18-Feb-19,3896.00,3664.20,3903.70,3655.10,933.15K,6.33%
17-Feb-19,3664.20,3616.80,3689.90,3607.90,580.51K,1.31%
16-Feb-19,3616.80,3604.70,3641.90,3599.70,485.63K,0.34%
15-Feb-19,3604.70,3592.60,3648.30,3581.40,516.21K,0.34%
14-Feb-19,3592.60,3611.50,3624.50,3580.20,498.14K,-0.52%
13-Feb-19,3611.50,3632.00,3663.50,3599.20,558.02K,-0.56%
12-Feb-19,3632.00,3631.80,3656.40,3594.40,545.82K,0.01%
11-Feb-19,3631.80,3678.80,3681.10,3623.80,517.28K,-1.28%
10-Feb-19,3679.00,3661.00,3680.60,3617.10,501.90K,0.48%
9-Feb-19,3661.40,3661.60,3675.30,3633.20,454.80K,-0.01%
8-Feb-19,3661.70,3397.30,3721.10,3382.50,699.23K,7.77%
7-Feb-19,3397.70,3404.90,3421.80,3390.30,471.36K,-0.20%
6-Feb-19,3404.30,3468.50,3478.00,3383.90,514.21K,-1.85%
5-Feb-19,3468.40,3463.00,3485.90,3450.30,460.95K,0.16%
4-Feb-19,3462.80,3459.00,3479.70,3437.10,503.92K,0.11%
3-Feb-19,3459.10,3502.30,3507.80,3431.30,451.66K,-1.24%
2-Feb-19,3502.50,3467.90,3514.50,3447.80,443.60K,1.00%
1-Feb-19,3467.90,3437.70,3485.70,3415.30,481.58K,0.90%
31-Jan-19,3437.20,3460.00,3484.70,3427.00,477.07K,-0.66%
30-Jan-19,3460.00,3414.60,3479.00,3394.20,600.25K,1.32%
29-Jan-19,3414.80,3442.80,3450.10,3368.20,585.46K,-0.81%
28-Jan-19,3442.80,3555.80,3561.20,3395.70,620.85K,-3.17%
27-Jan-19,3555.60,3570.90,3583.20,3509.20,464.02K,-0.43%
26-Jan-19,3570.90,3572.00,3652.50,3556.10,432.55K,-0.03%
25-Jan-19,3572.00,3574.30,3582.60,3542.20,448.89K,-0.06%
24-Jan-19,3574.30,3561.40,3587.00,3539.70,428.60K,0.36%
23-Jan-19,3561.50,3580.10,3608.30,3532.80,445.87K,-0.52%
22-Jan-19,3580.10,3536.90,3607.90,3465.20,447.70K,1.23%
21-Jan-19,3536.70,3542.70,3561.40,3505.40,394.17K,-0.16%
20-Jan-19,3542.30,3676.20,3699.10,3503.90,563.31K,-3.68%
19-Jan-19,3677.80,3605.80,3715.20,3604.10,537.06K,2.00%
18-Jan-19,3605.60,3626.30,3627.90,3575.70,488.16K,-0.57%
17-Jan-19,3626.40,3588.10,3636.70,3554.80,525.10K,1.07%
16-Jan-19,3588.00,3570.60,3644.10,3561.40,487.34K,0.47%
15-Jan-19,3571.30,3637.50,3660.80,3545.70,544.85K,-1.84%
14-Jan-19,3638.10,3490.40,3672.00,3490.40,539.93K,4.24%
13-Jan-19,3490.20,3597.30,3617.60,3473.20,452.79K,-2.98%
12-Jan-19,3597.20,3616.60,3633.90,3561.30,435.06K,-0.53%
11-Jan-19,3616.50,3603.30,3655.70,3563.10,551.64K,0.35%
10-Jan-19,3603.70,3978.90,4007.70,3562.10,697.31K,-9.41%
9-Jan-19,3978.00,3971.00,4014.20,3957.50,473.42K,0.17%
8-Jan-19,3971.00,3985.80,4070.50,3943.10,514.08K,-0.37%
7-Jan-19,3985.90,4004.30,4028.00,3945.50,500.88K,-0.45%
6-Jan-19,4004.10,3785.70,4034.10,3758.50,529.89K,5.78%
5-Jan-19,3785.40,3802.80,3846.70,3769.00,468.45K,-0.46%
4-Jan-19,3802.70,3780.50,3823.90,3720.00,488.70K,0.60%
3-Jan-19,3780.10,3874.10,3875.80,3753.00,450.32K,-2.42%
2-Jan-19,3873.80,3809.70,3894.80,3768.10,554.47K,1.69%
1-Jan-19,3809.40,3709.50,3814.30,3664.40,469.11K,2.69%
31-Dec-18,3709.40,3815.10,3819.60,3658.80,545.83K,-2.77%
30-Dec-18,3815.00,3708.20,3837.70,3682.50,519.17K,2.92%
29-Dec-18,3706.80,3861.60,3899.60,3696.00,505.41K,-4.01%
28-Dec-18,3861.60,3587.10,3900.30,3565.50,565.24K,7.66%
27-Dec-18,3586.90,3793.40,3822.60,3560.80,543.44K,-5.45%
26-Dec-18,3793.70,3762.80,3841.90,3680.30,567.11K,0.83%
25-Dec-18,3762.50,4025.60,4030.70,3676.50,670.94K,-6.55%
24-Dec-18,4026.10,3944.50,4208.20,3941.90,716.29K,2.07%
23-Dec-18,3944.40,3964.30,4037.10,3904.60,572.21K,-0.50%
22-Dec-18,3964.40,3850.90,3977.20,3803.70,554.59K,2.95%
21-Dec-18,3850.90,4075.20,4153.10,3786.90,748.76K,-5.52%
20-Dec-18,4076.00,3687.20,4140.30,3665.80,958.58K,10.55%
19-Dec-18,3687.10,3668.10,3924.70,3647.50,792.40K,0.52%
18-Dec-18,3668.00,3526.00,3683.10,3456.90,698.53K,4.02%
17-Dec-18,3526.10,3248.30,3597.40,3243.10,534.78K,8.57%
16-Dec-18,3247.90,3228.60,3305.00,3225.90,335.69K,0.60%
15-Dec-18,3228.70,3247.80,3282.30,3177.00,332.95K,-0.59%
14-Dec-18,3247.80,3315.40,3336.60,3199.10,445.56K,-2.04%
13-Dec-18,3315.30,3466.20,3474.40,3284.80,435.89K,-4.35%
12-Dec-18,3466.10,3390.20,3510.20,3379.40,391.17K,1.72%
11-Dec-18,3407.70,3460.40,3485.90,3349.90,418.53K,-1.53%
10-Dec-18,3460.50,3566.90,3622.40,3412.70,394.49K,-3.00%
9-Dec-18,3567.50,3430.30,3677.60,3424.20,327.93K,4.00%
8-Dec-18,3430.40,3422.30,3507.70,3302.90,424.40K,0.24%
7-Dec-18,3422.20,3508.90,3626.60,3251.80,639.33K,-2.46%
6-Dec-18,3508.60,3771.40,3887.20,3505.70,467.54K,-6.97%
5-Dec-18,3771.60,3958.10,3974.10,3765.20,341.60K,-4.72%
4-Dec-18,3958.50,3899.90,4082.90,3809.30,326.71K,1.56%
3-Dec-18,3897.80,4160.30,4177.00,3839.90,355.10K,-6.31%
2-Dec-18,4160.40,4196.20,4316.10,4105.30,298.63K,-0.85%
1-Dec-18,4196.20,4038.70,4299.10,3967.10,316.30K,3.87%
30-Nov-18,4039.70,4296.80,4340.60,3954.50,444.52K,-5.98%
29-Nov-18,4296.50,4265.50,4440.10,4140.60,414.46K,0.73%
28-Nov-18,4265.40,3866.40,4391.80,3866.40,533.04K,10.32%
27-Nov-18,3866.50,3840.30,3920.60,3687.80,457.27K,0.77%
26-Nov-18,3837.00,4061.00,4179.00,3679.80,571.04K,-5.54%
25-Nov-18,4062.20,3920.30,4198.40,3634.20,619.95K,3.62%
24-Nov-18,3920.40,4397.30,4494.60,3821.50,382.72K,-10.86%
23-Nov-18,4398.00,4360.90,4455.60,4223.70,348.99K,0.96%
22-Nov-18,4356.00,4646.40,4695.70,4346.70,261.85K,-6.09%
21-Nov-18,4638.70,4523.00,4743.70,4393.00,412.74K,2.52%
20-Nov-18,4524.60,4883.60,5013.40,4272.30,714.08K,-7.36%
19-Nov-18,4883.80,5660.40,5662.50,4831.10,478.26K,-13.69%
18-Nov-18,5658.30,5621.00,5727.90,5615.50,158.68K,0.65%
17-Nov-18,5621.80,5636.20,5645.50,5561.40,156.51K,-0.26%
16-Nov-18,5636.20,5723.50,5747.70,5539.70,224.12K,-1.45%
15-Nov-18,5718.90,5854.00,5878.50,5384.10,375.86K,-2.11%
14-Nov-18,5842.40,6428.90,6453.30,5619.20,438.21K,-9.13%
13-Nov-18,6429.20,6435.00,6466.80,6386.70,137.60K,-0.09%
12-Nov-18,6435.00,6445.00,6475.90,6409.40,130.16K,-0.17%
11-Nov-18,6446.10,6427.10,6451.70,6359.00,127.40K,0.30%
10-Nov-18,6427.10,6411.90,6461.70,6411.70,115.87K,0.24%
9-Nov-18,6412.00,6473.80,6496.10,6390.00,151.60K,-0.96%
8-Nov-18,6474.00,6565.30,6577.30,6466.30,159.30K,-1.39%
7-Nov-18,6565.30,6503.10,6594.30,6502.00,170.76K,0.96%
6-Nov-18,6502.80,6460.40,6509.60,6441.60,154.87K,0.67%
5-Nov-18,6459.70,6478.20,6489.20,6431.70,128.51K,-0.29%
4-Nov-18,6478.20,6386.20,6508.90,6359.70,128.76K,1.44%
3-Nov-18,6386.20,6424.50,6429.50,6346.20,112.84K,-0.60%
2-Nov-18,6424.70,6400.50,6444.30,6390.90,135.87K,0.38%
1-Nov-18,6400.50,6365.90,6421.80,6354.20,124.16K,0.54%
31-Oct-18,6365.90,6327.90,6405.70,6257.80,129.06K,0.64%
30-Oct-18,6325.70,6336.70,6469.90,6316.50,128.21K,-0.15%
29-Oct-18,6335.00,6486.10,6498.40,6310.50,160.52K,-2.33%
28-Oct-18,6486.10,6494.60,6502.20,6461.20,93.97K,-0.12%
27-Oct-18,6494.20,6510.00,6534.00,6473.70,76.72K,-0.24%
26-Oct-18,6510.00,6507.00,6570.50,6498.50,97.17K,0.05%
25-Oct-18,6507.00,6532.50,6544.80,6491.50,97.43K,-0.36%
24-Oct-18,6530.70,6531.20,6593.80,6522.60,98.74K,0.03%
23-Oct-18,6528.70,6558.60,6573.60,6500.50,108.86K,-0.41%
22-Oct-18,6555.80,6583.00,6612.70,6529.50,101.57K,-0.41%
21-Oct-18,6583.00,6575.90,6643.10,6568.00,92.94K,0.16%
20-Oct-18,6572.20,6511.70,6593.70,6495.90,97.77K,0.92%
19-Oct-18,6512.00,6576.40,6603.20,6506.90,121.44K,-0.94%
18-Oct-18,6574.10,6690.10,6736.30,6530.60,134.15K,-1.68%
17-Oct-18,6686.60,6718.90,6745.90,6637.80,136.71K,-0.28%
16-Oct-18,6705.30,6712.40,6836.70,6645.40,155.85K,0.08%
15-Oct-18,6699.80,6326.80,7358.40,6300.20,443.33K,5.90%
14-Oct-18,6326.80,6321.60,6390.90,6300.00,99.38K,0.08%
13-Oct-18,6321.70,6291.30,6329.30,6282.80,94.45K,0.48%
12-Oct-18,6291.30,6239.20,6344.80,6206.80,147.40K,0.84%
11-Oct-18,6239.10,6618.00,6622.50,6206.20,245.28K,-5.72%
10-Oct-18,6618.00,6650.60,6653.50,6526.00,101.93K,-0.49%
9-Oct-18,6650.80,6669.60,6678.90,6613.30,80.79K,-0.28%
8-Oct-18,6669.60,6611.00,6699.50,6589.90,119.68K,0.89%
7-Oct-18,6611.00,6596.30,6633.90,6523.80,77.06K,0.22%
6-Oct-18,6596.30,6639.10,6661.50,6550.40,9.18M,-0.65%
5-Oct-18,6639.10,6584.20,6682.30,6537.60,9.34M,0.83%
4-Oct-18,6584.20,6509.20,6653.00,6487.80,9.31M,1.17%
3-Oct-18,6507.80,6549.90,6563.50,6429.60,9.21M,-0.64%
2-Oct-18,6549.90,6608.20,6645.70,6034.90,9.34M,-0.88%
1-Oct-18,6608.20,6635.20,6674.70,6072.70,9.19M,-0.41%
